{
    "devices": {
        "of:0000ffffffff0008": {
            "basic": {
                "latitude": 43.5,
                "type": "SWITCH",
                "name": "Msw2",
                "longitude": -99.3
            }
        },
        "of:0000ffffffff0009": {
            "basic": {
                "latitude": 44.5,
                "type": "SWITCH",
                "name": "Msw3",
                "longitude": -99
            }
        },
        "of:0000ffffffff0001": {
            "basic": {
                "latitude": 42.5,
                "type": "SWITCH",
                "name": "Fsw1",
                "longitude": -109
            }
        },
        "of:0000ffffffff0002": {
            "basic": {
                "latitude": 43.5,
                "type": "SWITCH",
                "name": "Fsw2",
                "longitude": -109.3
            }
        },
        "of:0000ffffffff0003": {
            "basic": {
                "latitude": 44.5,
                "type": "SWITCH",
                "name": "Fsw3",
                "longitude": -109
            }
        },
        "of:0000ffffffff0004": {
            "basic": {
                "latitude": 42.5,
                "type": "SWITCH",
                "name": "Fsw4",
                "longitude": -111
            }
        },
        "of:0000ffffffff0005": {
            "basic": {
                "latitude": 43.5,
                "type": "SWITCH",
                "name": "Fsw5",
                "longitude": -110.7
            }
        },
        "of:0000ffffffff0006": {
            "basic": {
                "latitude": 44.5,
                "type": "SWITCH",
                "name": "Fsw6",
                "longitude": -111
            }
        },
        "of:0000ffffffff0007": {
            "basic": {
                "latitude": 42.5,
                "type": "SWITCH",
                "name": "Msw1",
                "longitude": -99
            }
        },
        "of:0000ffffffff0018": {
            "basic": {
                "latitude": 37.5,
                "type": "SWITCH",
                "name": "Zsw6",
                "longitude": -101
            }
        },
        "of:0000ffffffff0013": {
            "basic": {
                "latitude": 39.5,
                "type": "SWITCH",
                "name": "Zsw1",
                "longitude": -99
            }
        },
        "of:0000ffffffff0012": {
            "basic": {
                "latitude": 44.5,
                "type": "SWITCH",
                "name": "Msw6",
                "longitude": -101
            }
        },
        "of:0000ffffffff0011": {
            "basic": {
                "latitude": 43.5,
                "type": "SWITCH",
                "name": "Msw5",
                "longitude": -100.7
            }
        },
        "of:0000ffffffff0010": {
            "basic": {
                "latitude": 42.5,
                "type": "SWITCH",
                "name": "Msw4",
                "longitude": -101
            }
        },
        "of:0000ffffffff0017": {
            "basic": {
                "latitude": 38.5,
                "type": "SWITCH",
                "name": "Zsw5",
                "longitude": -100.7
            }
        },
        "of:0000ffffffff0016": {
            "basic": {
                "latitude": 39.5,
                "type": "SWITCH",
                "name": "Zsw4",
                "longitude": -101
            }
        },
        "of:0000ffffffff0015": {
            "basic": {
                "latitude": 37.5,
                "type": "SWITCH",
                "name": "Zsw3",
                "longitude": -99
            }
        },
        "of:0000ffffffff0014": {
            "basic": {
                "latitude": 38.5,
                "type": "SWITCH",
                "name": "Zsw2",
                "longitude": -99.3
            }
        },
        "of:0000ffffffffff01": {
            "basic": {
                "latitude": 45,
                "type": "ROADM",
                "name": "ROADM1",
                "longitude": -110
            }
        },
        "of:0000ffffffffff02": {
            "basic": {
                "latitude": 40,
                "type": "ROADM",
                "name": "ROADM2",
                "longitude": -110
            }
        },
        "of:0000ffffffffff03": {
            "basic": {
                "latitude": 45,
                "type": "ROADM",
                "name": "ROADM3",
                "longitude": -105
            }
        },
        "of:0000ffffffffff04": {
            "basic": {
                "latitude": 43,
                "type": "ROADM",
                "name": "ROADM4",
                "longitude": -105
            }
        },
        "of:0000ffffffffff05": {
            "basic": {
                "latitude": 45,
                "type": "ROADM",
                "name": "ROADM5",
                "longitude": -100
            }
        },
        "of:0000ffffffffff06": {
            "basic": {
                "latitude": 40,
                "type": "ROADM",
                "name": "ROADM6",
                "longitude": -100
            }
        }
    },
    "links": {
        "of:0000ffffffffff01/30-of:0000ffffffffff02/20": {
            "basic": {
                "durable": "true",
                "type": "OPTICAL"
            }
        },
        "of:0000ffffffff0009/10-of:0000ffffffffff05/10": {
            "basic": {
                "bandwidth": 100000,
                "type": "OPTICAL",
                "durable": "true"
            }
        },
        "of:0000ffffffff0010/10-of:0000ffffffffff05/11": {
            "basic": {
                "bandwidth": 100000,
                "type": "OPTICAL",
                "durable": "true"
            }
        },
        "of:0000ffffffffff04/30-of:0000ffffffffff05/30": {
            "basic": {
                "durable": "true",
                "type": "OPTICAL"
            }
        },
        "of:0000ffffffff0015/10-of:0000ffffffffff06/11": {
            "basic": {
                "bandwidth": 100000,
                "type": "OPTICAL",
                "durable": "true"
            }
        },
        "of:0000ffffffffff01/20-of:0000ffffffffff03/20": {
            "basic": {
                "durable": "true",
                "type": "OPTICAL"
            }
        },
        "of:0000ffffffffff02/40-of:0000ffffffffff06/20": {
            "basic": {
                "durable": "true",
                "type": "OPTICAL"
            }
        },
        "of:0000ffffffff0013/10-of:0000ffffffffff06/10": {
            "basic": {
                "bandwidth": 100000,
                "type": "OPTICAL",
                "durable": "true"
            }
        },
        "of:0000ffffffffff03/30-of:0000ffffffffff05/40": {
            "basic": {
                "durable": "true",
                "type": "OPTICAL"
            }
        },
        "of:0000ffffffffff05/20-of:0000ffffffffff06/30": {
            "basic": {
                "durable": "true",
                "type": "OPTICAL"
            }
        },
        "of:0000ffffffff0003/10-of:0000ffffffffff01/10": {
            "basic": {
                "bandwidth": 100000,
                "type": "OPTICAL",
                "durable": "true"
            }
        },
        "of:0000ffffffff0004/10-of:0000ffffffffff01/11": {
            "basic": {
                "bandwidth": 100000,
                "type": "OPTICAL",
                "durable": "true"
            }
        },
        "of:0000ffffffffff02/30-of:0000ffffffffff04/20": {
            "basic": {
                "durable": "true",
                "type": "OPTICAL"
            }
        }
    },
    "ports": {
        "of:0000ffffffffff03/30": {
            "optical": {
                "type": "OMS",
                "speed": 0,
                "port": 30
            }
        },
        "of:0000ffffffffff05/10": {
            "optical": {
                "type": "OCH",
                "speed": 0,
                "port": 10
            }
        },
        "of:0000ffffffffff05/11": {
            "optical": {
                "type": "OCH",
                "speed": 0,
                "port": 11
            }
        },
        "of:0000ffffffffff03/20": {
            "optical": {
                "type": "OMS",
                "speed": 0,
                "port": 20
            }
        },
        "of:0000ffffffff0017/3": {
            "optical": {
                "speed": 0,
                "type": "COPPER",
                "port": 3
            }
        },
        "of:0000ffffffff0017/2": {
            "optical": {
                "speed": 0,
                "type": "COPPER",
                "port": 2
            }
        },
        "of:0000ffffffff0017/1": {
            "optical": {
                "speed": 0,
                "type": "COPPER",
                "port": 1
            }
        },
        "of:0000ffffffff0017/4": {
            "optical": {
                "speed": 0,
                "type": "COPPER",
                "port": 4
            }
        },
        "of:0000ffffffff0016/2": {
            "optical": {
                "speed": 0,
                "type": "COPPER",
                "port": 2
            }
        },
        "of:0000ffffffff0016/3": {
            "optical": {
                "speed": 0,
                "type": "COPPER",
                "port": 3
            }
        },
        "of:0000ffffffff0016/1": {
            "optical": {
                "speed": 0,
                "type": "COPPER",
                "port": 1
            }
        },
        "of:0000ffffffff0016/4": {
            "optical": {
                "speed": 0,
                "type": "COPPER",
                "port": 4
            }
        },
        "of:0000ffffffff0012/4": {
            "optical": {
                "speed": 0,
                "type": "COPPER",
                "port": 4
            }
        },
        "of:0000ffffffff0012/2": {
            "optical": {
                "speed": 0,
                "type": "COPPER",
                "port": 2
            }
        },
        "of:0000ffffffff0012/3": {
            "optical": {
                "speed": 0,
                "type": "COPPER",
                "port": 3
            }
        },
        "of:0000ffffffff0012/1": {
            "optical": {
                "speed": 0,
                "type": "COPPER",
                "port": 1
            }
        },
        "of:0000ffffffff0011/1": {
            "optical": {
                "speed": 0,
                "type": "COPPER",
                "port": 1
            }
        },
        "of:0000ffffffff0011/3": {
            "optical": {
                "speed": 0,
                "type": "COPPER",
                "port": 3
            }
        },
        "of:0000ffffffff0011/2": {
            "optical": {
                "speed": 0,
                "type": "COPPER",
                "port": 2
            }
        },
        "of:0000ffffffff0011/4": {
            "optical": {
                "speed": 0,
                "type": "COPPER",
                "port": 4
            }
        },
        "of:0000ffffffff0010/1": {
            "optical": {
                "speed": 0,
                "type": "COPPER",
                "port": 1
            }
        },
        "of:0000ffffffff0010/3": {
            "optical": {
                "speed": 0,
                "type": "COPPER",
                "port": 3
            }
        },
        "of:0000ffffffff0010/4": {
            "optical": {
                "speed": 0,
                "type": "COPPER",
                "port": 4
            }
        },
        "of:0000ffffffff0010/5": {
            "optical": {
                "speed": 0,
                "type": "COPPER",
                "port": 5
            }
        },
        "of:0000ffffffffff06/11": {
            "optical": {
                "type": "OCH",
                "speed": 0,
                "port": 11
            }
        },
        "of:0000ffffffffff06/10": {
            "optical": {
                "type": "OCH",
                "speed": 0,
                "port": 10
            }
        },
        "of:0000ffffffffff02/20": {
            "optical": {
                "type": "OMS",
                "speed": 0,
                "port": 20
            }
        },
        "of:0000ffffffff0004/3": {
            "optical": {
                "speed": 0,
                "type": "COPPER",
                "port": 3
            }
        },
        "of:0000ffffffff0004/1": {
            "optical": {
                "speed": 0,
                "type": "COPPER",
                "port": 1
            }
        },
        "of:0000ffffffff0004/5": {
            "optical": {
                "speed": 0,
                "type": "COPPER",
                "port": 5
            }
        },
        "of:0000ffffffff0004/4": {
            "optical": {
                "speed": 0,
                "type": "COPPER",
                "port": 4
            }
        },
        "of:0000ffffffff0005/2": {
            "optical": {
                "speed": 0,
                "type": "COPPER",
                "port": 2
            }
        },
        "of:0000ffffffff0005/3": {
            "optical": {
                "speed": 0,
                "type": "COPPER",
                "port": 3
            }
        },
        "of:0000ffffffff0005/1": {
            "optical": {
                "speed": 0,
                "type": "COPPER",
                "port": 1
            }
        },
        "of:0000ffffffff0005/4": {
            "optical": {
                "speed": 0,
                "type": "COPPER",
                "port": 4
            }
        },
        "of:0000ffffffff0001/4": {
            "optical": {
                "speed": 0,
                "type": "COPPER",
                "port": 4
            }
        },
        "of:0000ffffffff0001/2": {
            "optical": {
                "speed": 0,
                "type": "COPPER",
                "port": 2
            }
        },
        "of:0000ffffffff0001/3": {
            "optical": {
                "speed": 0,
                "type": "COPPER",
                "port": 3
            }
        },
        "of:0000ffffffff0001/1": {
            "optical": {
                "speed": 0,
                "type": "COPPER",
                "port": 1
            }
        },
        "of:0000ffffffff0015/5": {
            "optical": {
                "speed": 0,
                "type": "COPPER",
                "port": 5
            }
        },
        "of:0000ffffffff0015/4": {
            "optical": {
                "speed": 0,
                "type": "COPPER",
                "port": 4
            }
        },
        "of:0000ffffffff0002/3": {
            "optical": {
                "speed": 0,
                "type": "COPPER",
                "port": 3
            }
        },
        "of:0000ffffffff0002/2": {
            "optical": {
                "speed": 0,
                "type": "COPPER",
                "port": 2
            }
        },
        "of:0000ffffffff0015/1": {
            "optical": {
                "speed": 0,
                "type": "COPPER",
                "port": 1
            }
        },
        "of:0000ffffffff0002/4": {
            "optical": {
                "speed": 0,
                "type": "COPPER",
                "port": 4
            }
        },
        "of:0000ffffffff0015/3": {
            "optical": {
                "speed": 0,
                "type": "COPPER",
                "port": 3
            }
        },
        "of:0000ffffffff0014/4": {
            "optical": {
                "speed": 0,
                "type": "COPPER",
                "port": 4
            }
        },
        "of:0000ffffffff0003/1": {
            "optical": {
                "speed": 0,
                "type": "COPPER",
                "port": 1
            }
        },
        "of:0000ffffffff0003/3": {
            "optical": {
                "speed": 0,
                "type": "COPPER",
                "port": 3
            }
        },
        "of:0000ffffffff0003/4": {
            "optical": {
                "speed": 0,
                "type": "COPPER",
                "port": 4
            }
        },
        "of:0000ffffffff0014/1": {
            "optical": {
                "speed": 0,
                "type": "COPPER",
                "port": 1
            }
        },
        "of:0000ffffffff0014/2": {
            "optical": {
                "speed": 0,
                "type": "COPPER",
                "port": 2
            }
        },
        "of:0000ffffffff0014/3": {
            "optical": {
                "speed": 0,
                "type": "COPPER",
                "port": 3
            }
        },
        "of:0000ffffffffff06/20": {
            "optical": {
                "type": "OMS",
                "speed": 0,
                "port": 20
            }
        },
        "of:0000ffffffff0013/5": {
            "optical": {
                "speed": 0,
                "type": "COPPER",
                "port": 5
            }
        },
        "of:0000ffffffff0013/4": {
            "optical": {
                "speed": 0,
                "type": "COPPER",
                "port": 4
            }
        },
        "of:0000ffffffff0013/3": {
            "optical": {
                "speed": 0,
                "type": "COPPER",
                "port": 3
            }
        },
        "of:0000ffffffff0013/1": {
            "optical": {
                "speed": 0,
                "type": "COPPER",
                "port": 1
            }
        },
        "of:0000ffffffffff06/30": {
            "optical": {
                "type": "OMS",
                "speed": 0,
                "port": 30
            }
        },
        "of:0000ffffffffff02/30": {
            "optical": {
                "type": "OMS",
                "speed": 0,
                "port": 30
            }
        },
        "of:0000ffffffff0018/1": {
            "optical": {
                "speed": 0,
                "type": "COPPER",
                "port": 1
            }
        },
        "of:0000ffffffff0018/2": {
            "optical": {
                "speed": 0,
                "type": "COPPER",
                "port": 2
            }
        },
        "of:0000ffffffff0018/3": {
            "optical": {
                "speed": 0,
                "type": "COPPER",
                "port": 3
            }
        },
        "of:0000ffffffff0018/4": {
            "optical": {
                "speed": 0,
                "type": "COPPER",
                "port": 4
            }
        },
        "of:0000ffffffff0006/4": {
            "optical": {
                "speed": 0,
                "type": "COPPER",
                "port": 4
            }
        },
        "of:0000ffffffff0006/1": {
            "optical": {
                "speed": 0,
                "type": "COPPER",
                "port": 1
            }
        },
        "of:0000ffffffff0006/3": {
            "optical": {
                "speed": 0,
                "type": "COPPER",
                "port": 3
            }
        },
        "of:0000ffffffff0006/2": {
            "optical": {
                "speed": 0,
                "type": "COPPER",
                "port": 2
            }
        },
        "of:0000ffffffff0007/4": {
            "optical": {
                "speed": 0,
                "type": "COPPER",
                "port": 4
            }
        },
        "of:0000ffffffff0007/1": {
            "optical": {
                "speed": 0,
                "type": "COPPER",
                "port": 1
            }
        },
        "of:0000ffffffff0007/2": {
            "optical": {
                "speed": 0,
                "type": "COPPER",
                "port": 2
            }
        },
        "of:0000ffffffff0007/3": {
            "optical": {
                "speed": 0,
                "type": "COPPER",
                "port": 3
            }
        },
        "of:0000ffffffff0008/4": {
            "optical": {
                "speed": 0,
                "type": "COPPER",
                "port": 4
            }
        },
        "of:0000ffffffff0008/3": {
            "optical": {
                "speed": 0,
                "type": "COPPER",
                "port": 3
            }
        },
        "of:0000ffffffff0008/2": {
            "optical": {
                "speed": 0,
                "type": "COPPER",
                "port": 2
            }
        },
        "of:0000ffffffff0008/1": {
            "optical": {
                "speed": 0,
                "type": "COPPER",
                "port": 1
            }
        },
        "of:0000ffffffff0009/4": {
            "optical": {
                "speed": 0,
                "type": "COPPER",
                "port": 4
            }
        },
        "of:0000ffffffff0009/5": {
            "optical": {
                "speed": 0,
                "type": "COPPER",
                "port": 5
            }
        },
        "of:0000ffffffff0009/3": {
            "optical": {
                "speed": 0,
                "type": "COPPER",
                "port": 3
            }
        },
        "of:0000ffffffff0009/1": {
            "optical": {
                "speed": 0,
                "type": "COPPER",
                "port": 1
            }
        },
        "of:0000ffffffffff04/20": {
            "optical": {
                "type": "OMS",
                "speed": 0,
                "port": 20
            }
        },
        "of:0000ffffffffff01/30": {
            "optical": {
                "type": "OMS",
                "speed": 0,
                "port": 30
            }
        },
        "of:0000ffffffff0002/1": {
            "optical": {
                "speed": 0,
                "type": "COPPER",
                "port": 1
            }
        },
        "of:0000ffffffffff05/40": {
            "optical": {
                "type": "OMS",
                "speed": 0,
                "port": 40
            }
        },
        "of:0000ffffffffff02/40": {
            "optical": {
                "type": "OMS",
                "speed": 0,
                "port": 40
            }
        },
        "of:0000ffffffffff04/30": {
            "optical": {
                "type": "OMS",
                "speed": 0,
                "port": 30
            }
        },
        "of:0000ffffffffff01/20": {
            "optical": {
                "type": "OMS",
                "speed": 0,
                "port": 20
            }
        },
        "of:0000ffffffffff05/30": {
            "optical": {
                "type": "OMS",
                "speed": 0,
                "port": 30
            }
        },
        "of:0000ffffffff0003/5": {
            "optical": {
                "speed": 0,
                "type": "COPPER",
                "port": 5
            }
        },
        "of:0000ffffffffff01/10": {
            "optical": {
                "type": "OCH",
                "speed": 0,
                "port": 10
            }
        },
        "of:0000ffffffffff01/11": {
            "optical": {
                "type": "OCH",
                "speed": 0,
                "port": 11
            }
        },
        "of:0000ffffffffff05/20": {
            "optical": {
                "type": "OMS",
                "speed": 0,
                "port": 20
            }
        }
    }
}