{
    "linkConfig": [
        {
            "type": "pktOptLink",
            "params": {
                "port2": 10,
                "bandwidth": 100000,
                "port1": 10,
                "nodeName2": "ROADM1",
                "nodeName1": "Fsw3"
            },
            "nodeDpid1": "00:00:ff:ff:ff:ff:00:03",
            "nodeDpid2": "00:00:ff:ff:ff:ff:ff:01",
            "allowed": true
        },
        {
            "type": "pktOptLink",
            "params": {
                "port2": 11,
                "bandwidth": 100000,
                "port1": 10,
                "nodeName2": "ROADM1",
                "nodeName1": "Fsw4"
            },
            "nodeDpid1": "00:00:ff:ff:ff:ff:00:04",
            "nodeDpid2": "00:00:ff:ff:ff:ff:ff:01",
            "allowed": true
        },
        {
            "type": "pktOptLink",
            "params": {
                "port2": 10,
                "bandwidth": 100000,
                "port1": 10,
                "nodeName2": "ROADM5",
                "nodeName1": "Msw3"
            },
            "nodeDpid1": "00:00:ff:ff:ff:ff:00:09",
            "nodeDpid2": "00:00:ff:ff:ff:ff:ff:05",
            "allowed": true
        },
        {
            "type": "pktOptLink",
            "params": {
                "port2": 11,
                "bandwidth": 100000,
                "port1": 10,
                "nodeName2": "ROADM5",
                "nodeName1": "Msw4"
            },
            "nodeDpid1": "00:00:ff:ff:ff:ff:00:10",
            "nodeDpid2": "00:00:ff:ff:ff:ff:ff:05",
            "allowed": true
        },
        {
            "type": "wdmLink",
            "params": {
                "port2": 20,
                "port1": 30,
                "nodeName2": "ROADM2",
                "nodeName1": "ROADM1"
            },
            "nodeDpid1": "00:00:ff:ff:ff:ff:ff:01",
            "nodeDpid2": "00:00:ff:ff:ff:ff:ff:02",
            "allowed": true
        },
        {
            "type": "wdmLink",
            "params": {
                "port2": 20,
                "port1": 20,
                "nodeName2": "ROADM3",
                "nodeName1": "ROADM1"
            },
            "nodeDpid1": "00:00:ff:ff:ff:ff:ff:01",
            "nodeDpid2": "00:00:ff:ff:ff:ff:ff:03",
            "allowed": true
        },
        {
            "type": "wdmLink",
            "params": {
                "port2": 20,
                "port1": 30,
                "nodeName2": "ROADM4",
                "nodeName1": "ROADM2"
            },
            "nodeDpid1": "00:00:ff:ff:ff:ff:ff:02",
            "nodeDpid2": "00:00:ff:ff:ff:ff:ff:04",
            "allowed": true
        },
        {
            "type": "wdmLink",
            "params": {
                "port2": 20,
                "port1": 40,
                "nodeName2": "ROADM6",
                "nodeName1": "ROADM2"
            },
            "nodeDpid1": "00:00:ff:ff:ff:ff:ff:02",
            "nodeDpid2": "00:00:ff:ff:ff:ff:ff:06",
            "allowed": true
        },
        {
            "type": "wdmLink",
            "params": {
                "port2": 40,
                "port1": 30,
                "nodeName2": "ROADM5",
                "nodeName1": "ROADM3"
            },
            "nodeDpid1": "00:00:ff:ff:ff:ff:ff:03",
            "nodeDpid2": "00:00:ff:ff:ff:ff:ff:05",
            "allowed": true
        },
        {
            "type": "wdmLink",
            "params": {
                "port2": 30,
                "port1": 30,
                "nodeName2": "ROADM5",
                "nodeName1": "ROADM4"
            },
            "nodeDpid1": "00:00:ff:ff:ff:ff:ff:04",
            "nodeDpid2": "00:00:ff:ff:ff:ff:ff:05",
            "allowed": true
        },
        {
            "type": "wdmLink",
            "params": {
                "port2": 30,
                "port1": 20,
                "nodeName2": "ROADM6",
                "nodeName1": "ROADM5"
            },
            "nodeDpid1": "00:00:ff:ff:ff:ff:ff:05",
            "nodeDpid2": "00:00:ff:ff:ff:ff:ff:06",
            "allowed": true
        },
        {
            "type": "pktOptLink",
            "params": {
                "port2": 10,
                "bandwidth": 100000,
                "port1": 10,
                "nodeName2": "ROADM6",
                "nodeName1": "Zsw1"
            },
            "nodeDpid1": "00:00:ff:ff:ff:ff:00:13",
            "nodeDpid2": "00:00:ff:ff:ff:ff:ff:06",
            "allowed": true
        },
        {
            "type": "pktOptLink",
            "params": {
                "port2": 11,
                "bandwidth": 100000,
                "port1": 10,
                "nodeName2": "ROADM6",
                "nodeName1": "Zsw3"
            },
            "nodeDpid1": "00:00:ff:ff:ff:ff:00:15",
            "nodeDpid2": "00:00:ff:ff:ff:ff:ff:06",
            "allowed": true
        }
    ],
    "switchConfig": [
        {
            "name": "ROADM1",
            "longitude": -110,
            "params": {
                "numregens": 0
            },
            "allowed": true,
            "latitude": 45,
            "type": "Roadm",
            "nodeDpid": "00:00:ff:ff:ff:ff:ff:01"
        },
        {
            "name": "ROADM2",
            "longitude": -110,
            "params": {
                "numregens": 3
            },
            "allowed": true,
            "latitude": 40,
            "type": "Roadm",
            "nodeDpid": "00:00:ff:ff:ff:ff:ff:02"
        },
        {
            "name": "ROADM3",
            "longitude": -105,
            "params": {
                "numregens": 3
            },
            "allowed": true,
            "latitude": 45,
            "type": "Roadm",
            "nodeDpid": "00:00:ff:ff:ff:ff:ff:03"
        },
        {
            "name": "ROADM4",
            "longitude": -105,
            "params": {
                "numregens": 3
            },
            "allowed": true,
            "latitude": 43,
            "type": "Roadm",
            "nodeDpid": "00:00:ff:ff:ff:ff:ff:04"
        },
        {
            "name": "ROADM5",
            "longitude": -100,
            "params": {
                "numregens": 0
            },
            "allowed": true,
            "latitude": 45,
            "type": "Roadm",
            "nodeDpid": "00:00:ff:ff:ff:ff:ff:05"
        },
        {
            "name": "ROADM6",
            "longitude": -100,
            "params": {
                "numregens": 0
            },
            "allowed": true,
            "latitude": 40,
            "type": "Roadm",
            "nodeDpid": "00:00:ff:ff:ff:ff:ff:06"
        }
    ]
}